id, builder_id, name, sort_by, created_at, updated_at
2,162,Hayden Mcmahon,1,2023-09-13 19:00:05,2023-09-13 19:00:05
3,162,Rhona Clark,1,2023-09-13 19:00:05,2023-09-13 19:00:05
4,162,Zeph Rosales,1,2023-09-13 19:00:05,2023-09-13 19:00:05
5,163,Shellie Mitchell,1,2023-09-13 19:06:27,2023-09-13 19:06:27
6,163,Fletcher Compton,1,2023-09-13 19:06:27,2023-09-13 19:06:27
7,163,Leroy Carter,1,2023-09-13 19:06:27,2023-09-13 19:06:27
8,163,Lila Chaney,1,2023-09-13 19:06:27,2023-09-13 19:06:27
9,164,Ira Mann,1,2023-09-14 07:26:08,2023-09-14 07:26:08
10,164,Karen Berg,1,2023-09-14 07:26:08,2023-09-14 07:26:08
11,165,Ira Mann,1,2023-09-14 07:33:10,2023-09-14 07:33:10
12,165,Karen Berg,1,2023-09-14 07:33:10,2023-09-14 07:33:10
13,166,Ira Mann,1,2023-09-14 07:34:36,2023-09-14 07:34:36
14,166,Karen Berg,1,2023-09-14 07:34:36,2023-09-14 07:34:36
22,161,Karen Berg,1,2023-09-14 12:05:55,2023-09-14 12:05:55
23,161,Reese Terrell,1,2023-09-14 12:08:58,2023-09-14 12:08:58
24,161,Zahir Calderon,1,2023-09-14 12:09:56,2023-09-14 12:09:56
28,168,Mechelle Hall,1,2023-09-14 12:41:40,2023-09-14 12:41:40
29,168,Karen Berg,1,2023-09-14 12:41:40,2023-09-14 12:41:40
30,182,Zahir Calderon,1,2023-10-09 13:02:34,2023-10-09 13:02:34
31,182,Tanner Blackburn,1,2023-10-09 13:02:34,2023-10-09 13:02:34
