id, property_id, file_url, created_at, updated_at
85,70,652a35ca2c922.jpg,2023-10-14 12:01:38,2023-10-14 12:01:38
86,70,652a35ca68815.jpg,2023-10-14 12:01:38,2023-10-14 12:01:38
87,70,652a35ca9f0c2.jpg,2023-10-14 12:01:38,2023-10-14 12:01:38
90,71,652a364900751.jpg,2023-10-14 12:03:45,2023-10-14 12:03:45
91,71,652a36492d6ba.jpg,2023-10-14 12:03:45,2023-10-14 12:03:45
94,72,652a903bc3572.jpg,2023-10-14 18:27:31,2023-10-14 18:27:31
95,72,652a903f15c38.jpg,2023-10-14 18:27:35,2023-10-14 18:27:35
96,72,652a903f43282.jpg,2023-10-14 18:27:35,2023-10-14 18:27:35
97,75,652e697470b16.jpg,2023-10-17 16:31:08,2023-10-17 16:31:08
98,78,653224f191948.jpg,2023-10-20 12:27:53,2023-10-20 12:27:53
101,78,653224f30380a.jpg,2023-10-20 12:27:55,2023-10-20 12:27:55
103,78,653224f5bbad4.jpg,2023-10-20 12:27:57,2023-10-20 12:27:57
104,78,653224f5db294.jpg,2023-10-20 12:27:57,2023-10-20 12:27:57
105,78,653224f5dd507.jpg,2023-10-20 12:27:57,2023-10-20 12:27:57
106,78,653224f89d595.jpg,2023-10-20 12:28:00,2023-10-20 12:28:00
107,78,653224fba3e81.jpg,2023-10-20 12:28:03,2023-10-20 12:28:03
108,78,653224fbd4ea1.jpg,2023-10-20 12:28:03,2023-10-20 12:28:03
109,78,653224fc17316.jpg,2023-10-20 12:28:04,2023-10-20 12:28:04
110,78,653224fc3be53.jpg,2023-10-20 12:28:04,2023-10-20 12:28:04
111,79,65322887f3438.jpg,2023-10-20 12:43:11,2023-10-20 12:43:11
114,79,6532288a1f473.jpg,2023-10-20 12:43:14,2023-10-20 12:43:14
116,79,6532288ae57c2.jpg,2023-10-20 12:43:14,2023-10-20 12:43:14
118,79,6532288c08847.jpg,2023-10-20 12:43:16,2023-10-20 12:43:16
119,79,6532288c10abc.jpg,2023-10-20 12:43:16,2023-10-20 12:43:16
120,79,6532288d2ba38.jpg,2023-10-20 12:43:17,2023-10-20 12:43:17
121,79,6532288d7f025.jpg,2023-10-20 12:43:17,2023-10-20 12:43:17
122,79,6532288e1e4f9.jpg,2023-10-20 12:43:18,2023-10-20 12:43:18
123,79,6532288e1eb11.jpg,2023-10-20 12:43:18,2023-10-20 12:43:18
124,79,6532288f371f4.jpg,2023-10-20 12:43:19,2023-10-20 12:43:19
125,80,65323c28dc4e1.jpg,2023-10-20 14:06:56,2023-10-20 14:06:56
126,80,65323c2906b53.jpg,2023-10-20 14:06:57,2023-10-20 14:06:57
127,80,65323c2b11822.jpg,2023-10-20 14:06:59,2023-10-20 14:06:59
128,80,65323c2b1e702.jpg,2023-10-20 14:06:59,2023-10-20 14:06:59
130,80,65323c2cd5082.jpg,2023-10-20 14:07:00,2023-10-20 14:07:00
129,80,65323c2cd5104.jpg,2023-10-20 14:07:00,2023-10-20 14:07:00
131,80,65323c2dd8316.jpg,2023-10-20 14:07:01,2023-10-20 14:07:01
132,80,65323c2dd953b.jpg,2023-10-20 14:07:01,2023-10-20 14:07:01
133,80,65323c2e4c0e6.jpg,2023-10-20 14:07:02,2023-10-20 14:07:02
134,80,65323c2f4c097.jpg,2023-10-20 14:07:03,2023-10-20 14:07:03
135,80,65323c2f58c40.jpg,2023-10-20 14:07:03,2023-10-20 14:07:03
136,80,65323c3001b07.jpg,2023-10-20 14:07:04,2023-10-20 14:07:04
137,80,65323c3014709.jpg,2023-10-20 14:07:04,2023-10-20 14:07:04
138,80,65323c30a9656.jpg,2023-10-20 14:07:04,2023-10-20 14:07:04
139,81,65323d2d4cde4.jpg,2023-10-20 14:11:17,2023-10-20 14:11:17
140,81,65323d2d72b32.jpg,2023-10-20 14:11:17,2023-10-20 14:11:17
141,81,65323d2de7918.jpg,2023-10-20 14:11:17,2023-10-20 14:11:17
142,81,65323d2e2b9c1.jpg,2023-10-20 14:11:18,2023-10-20 14:11:18
143,81,65323d2e6ef08.jpg,2023-10-20 14:11:18,2023-10-20 14:11:18
144,81,65323d2e9f308.jpg,2023-10-20 14:11:18,2023-10-20 14:11:18
145,81,65323d2ee677d.jpg,2023-10-20 14:11:18,2023-10-20 14:11:18
146,81,65323d2f0da7c.jpg,2023-10-20 14:11:19,2023-10-20 14:11:19
148,82,65324143a8ce1.jpg,2023-10-20 14:28:43,2023-10-20 14:28:43
150,82,65324145517e7.jpg,2023-10-20 14:28:45,2023-10-20 14:28:45
152,82,6532414b521d9.jpg,2023-10-20 14:28:51,2023-10-20 14:28:51
153,82,6532414c8b113.jpg,2023-10-20 14:28:52,2023-10-20 14:28:52
154,82,6532414c9579d.jpg,2023-10-20 14:28:52,2023-10-20 14:28:52
155,82,6532414ca9569.jpg,2023-10-20 14:28:52,2023-10-20 14:28:52
156,82,6532414cc87cf.jpg,2023-10-20 14:28:52,2023-10-20 14:28:52
157,82,6532414ce5d6e.jpg,2023-10-20 14:28:52,2023-10-20 14:28:52
158,83,6532443c8269d.jpg,2023-10-20 14:41:24,2023-10-20 14:41:24
161,83,6532443e044e9.jpg,2023-10-20 14:41:26,2023-10-20 14:41:26
162,83,653244401e9e7.jpg,2023-10-20 14:41:28,2023-10-20 14:41:28
163,83,653244402063e.jpg,2023-10-20 14:41:28,2023-10-20 14:41:28
164,83,6532444187f70.jpg,2023-10-20 14:41:29,2023-10-20 14:41:29
165,83,653244419f5f5.jpg,2023-10-20 14:41:29,2023-10-20 14:41:29
166,83,65324441aebea.jpg,2023-10-20 14:41:29,2023-10-20 14:41:29
167,83,653244435c1bc.jpg,2023-10-20 14:41:31,2023-10-20 14:41:31
168,83,653244436becc.jpg,2023-10-20 14:41:31,2023-10-20 14:41:31
169,84,653248bfbb369.jpg,2023-10-20 15:00:39,2023-10-20 15:00:39
171,84,653248c08f427.jpg,2023-10-20 15:00:40,2023-10-20 15:00:40
174,84,653248c3c7c6d.jpg,2023-10-20 15:00:43,2023-10-20 15:00:43
175,84,653248c410fda.jpg,2023-10-20 15:00:44,2023-10-20 15:00:44
176,84,653248c4b19ec.jpg,2023-10-20 15:00:44,2023-10-20 15:00:44
177,84,653248c4cb5a6.jpg,2023-10-20 15:00:44,2023-10-20 15:00:44
178,84,653248c5a4d18.jpg,2023-10-20 15:00:45,2023-10-20 15:00:45
179,84,653248c5b6b19.jpg,2023-10-20 15:00:45,2023-10-20 15:00:45
180,85,653363239430d.jpg,2023-10-21 11:05:31,2023-10-21 11:05:31
183,85,65336324b3a42.jpg,2023-10-21 11:05:32,2023-10-21 11:05:32
185,85,653363294adb7.jpg,2023-10-21 11:05:37,2023-10-21 11:05:37
186,85,65336329724b4.jpg,2023-10-21 11:05:37,2023-10-21 11:05:37
187,85,65336329bc0b8.jpg,2023-10-21 11:05:37,2023-10-21 11:05:37
188,85,6533632a869b8.jpg,2023-10-21 11:05:38,2023-10-21 11:05:38
189,85,6533632ab3945.jpg,2023-10-21 11:05:38,2023-10-21 11:05:38
190,85,6533632ae4834.jpg,2023-10-21 11:05:38,2023-10-21 11:05:38
191,86,653897c72a169.jpg,2023-10-25 09:51:27,2023-10-25 09:51:27
192,86,653897c73a1ae.jpg,2023-10-25 09:51:27,2023-10-25 09:51:27
193,86,653897c73d6d3.jpg,2023-10-25 09:51:27,2023-10-25 09:51:27
194,86,653897c74f32b.jpg,2023-10-25 09:51:27,2023-10-25 09:51:27
195,87,6538e81eba0f4.jpg,2023-10-25 15:34:14,2023-10-25 15:34:14
196,87,6538e81ecfaee.jpg,2023-10-25 15:34:14,2023-10-25 15:34:14
197,87,6538e81ee0e85.jpg,2023-10-25 15:34:14,2023-10-25 15:34:14
198,87,6538e81ee8fe8.jpg,2023-10-25 15:34:14,2023-10-25 15:34:14
199,88,653b9b86f3def.jpg,2023-10-27 16:44:14,2023-10-27 16:44:14
200,88,653b9b870793e.jpg,2023-10-27 16:44:15,2023-10-27 16:44:15
201,88,653b9b871c004.jpg,2023-10-27 16:44:15,2023-10-27 16:44:15
202,91,653f75595c389.jpg,2023-10-30 14:50:25,2023-10-30 14:50:25
203,91,653f75596b9bf.jpg,2023-10-30 14:50:25,2023-10-30 14:50:25
204,91,653f755984d12.jpg,2023-10-30 14:50:25,2023-10-30 14:50:25
205,91,653f7559ad6f8.jpg,2023-10-30 14:50:25,2023-10-30 14:50:25
206,94,653f97a3ba95b.jpg,2023-10-30 17:16:43,2023-10-30 17:16:43
207,94,653f97a42af3e.jpg,2023-10-30 17:16:44,2023-10-30 17:16:44
209,118,654df95774366.jpg,2023-11-10 15:05:19,2023-11-10 15:05:19
212,118,654df95a33da7.jpg,2023-11-10 15:05:22,2023-11-10 15:05:22
213,118,654df95a70940.jpg,2023-11-10 15:05:22,2023-11-10 15:05:22
214,118,654df95ac74a0.jpg,2023-11-10 15:05:22,2023-11-10 15:05:22
216,110,654f5934747dc.jpg,2023-11-11 16:06:36,2023-11-11 16:06:36
215,110,654f59347363b.jpg,2023-11-11 16:06:36,2023-11-11 16:06:36
218,110,654f593589f16.jpg,2023-11-11 16:06:37,2023-11-11 16:06:37
